Date,Rainfall_mm,Temperature_C,Humidity_%,Evaporation_mm,Water_Level
1/1/2022,11.97,21.37,66.13,3.61,50.42
1/2/2022,7.47,26.67,86.93,3.19,50.63
1/3/2022,6.91,20.98,68.05,3.48,50.8
1/4/2022,6.91,30.04,66.98,3.84,50.96
1/5/2022,23.25,27.33,64.3,5.33,51.85
1/6/2022,14.33,21.17,60.19,5.53,52.29
1/7/2022,5.66,25.76,65.26,4.56,52.35
1/8/2022,12.35,23.99,69.21,5.69,52.68
1/9/2022,9.99,28.28,81.96,2.49,53.06
1/10/2022,1.08,32.36,57.5,2.53,52.98
1/11/2022,3.36,19.5,63.42,3.03,53
1/12/2022,10.53,27.46,87.36,5.11,53.27
1/13/2022,21.83,26.36,60.88,3.28,54.2
1/14/2022,6.96,29.69,68.71,3.7,54.36
1/15/2022,5.29,27.85,89.59,4.4,54.41
1/16/2022,9.07,23.99,61.2,6.87,54.52
1/17/2022,5.03,25.72,58.31,2.08,54.66
1/18/2022,6.59,23.82,74.38,5.9,54.7
1/19/2022,8.25,31.3,67.1,6.01,54.81
1/20/2022,3.2,27.09,77.54,6.79,54.63
1/21/2022,14.85,34.6,87.15,7.6,54.99
1/22/2022,2.68,26.76,60.49,2.12,55.02
1/23/2022,2.36,24.17,78.23,2.92,54.99
1/24/2022,9.67,20.95,75.22,7.32,55.11
1/25/2022,14.07,19.79,60.76,4.75,55.58
1/26/2022,9.49,20.66,79.96,5.39,55.78
1/27/2022,7.61,28.07,65.95,5.98,55.86
1/28/2022,6.54,29.03,74.51,6.07,55.89
1/29/2022,5.7,20.68,58.29,7.59,55.79
1/30/2022,17.19,30.58,73.38,7.98,56.25
1/31/2022,10.61,25.07,67.26,6.32,56.47
2/1/2022,6.09,27.59,87.9,3.72,56.59
2/2/2022,4.68,33.45,57.28,7.28,56.46
2/3/2022,12.94,30.59,71.74,2.3,56.99
2/4/2022,16.92,25.93,73.34,3.39,57.66
2/5/2022,15.91,23.44,84,7.38,58.09
2/6/2022,4.01,18.39,77.97,3.54,58.11
2/7/2022,6.49,24.12,81.69,3.32,58.27
2/8/2022,5.61,26.16,86.08,2.83,58.41
2/9/2022,7.19,23.05,89.49,7.15,58.41
2/10/2022,14.76,26.47,67.56,5,58.9
2/11/2022,20.51,27.31,76.52,6.05,59.62
2/12/2022,10.89,26.1,88.6,3.43,60
2/13/2022,4.82,24.4,94.58,6.55,59.91
2/14/2022,8.1,27.67,90.58,6.56,59.99
2/15/2022,23.06,28.77,69.86,3.88,60.95
2/16/2022,8.91,22.64,62.81,4.46,61.17
2/17/2022,6.55,32.64,74.58,3.26,61.33
2/18/2022,6.99,26.61,84.67,7.86,61.29
2/19/2022,10.86,27.08,74.7,5.87,61.54
2/20/2022,4.13,29.83,74.33,7.61,61.37
2/21/2022,5.5,27.93,88.53,3.82,61.45
2/22/2022,15.75,30.81,69.46,6.69,61.9
2/23/2022,10.64,28.15,89.39,6.6,62.1
2/24/2022,8.98,24.55,71.27,6.15,62.25
2/25/2022,16.28,28.45,68.13,7.79,62.67
2/26/2022,4.57,22.43,73.16,4.36,62.68
2/27/2022,6.39,27.43,85.5,2.78,62.86
2/28/2022,10.39,26.87,60.04,6.03,63.08
3/1/2022,10.13,26.17,62.86,6.38,63.27
3/2/2022,2.13,26.49,93.06,5.45,63.1
3/3/2022,5.9,19.47,62.02,3.24,63.23
3/4/2022,7.33,24.81,77.71,5.03,63.35
3/5/2022,11.22,27.37,78.17,3.87,63.72
3/6/2022,10.11,27.64,74.58,4.56,63.99
3/7/2022,7.86,22.89,80.79,5.87,64.09
3/8/2022,1.07,32.06,64.19,6.47,63.82
3/9/2022,8.16,23.54,77.11,3.39,64.06
3/10/2022,8.73,30.88,69.89,4.43,64.28
3/11/2022,36.49,28.71,81.47,3.61,65.92
3/12/2022,7.15,24.42,60.65,3.19,66.12
3/13/2022,10.44,34.1,77.84,6.7,66.31
3/14/2022,18.1,22.23,62.41,7.46,66.84
3/15/2022,14.19,30.68,66.15,4.22,67.34
3/16/2022,21.06,31,63.75,6.51,68.06
3/17/2022,2.16,24.32,62.31,7.38,67.8
3/18/2022,3.44,32.57,88.03,7.08,67.62
3/19/2022,5.19,26,66.43,3.1,67.73
3/20/2022,1.8,28.15,92.08,7.74,67.43
3/21/2022,8.78,28.04,93.8,4.26,67.66
3/22/2022,3.7,26.46,77.85,4.04,67.64
3/23/2022,22.88,30.24,60.72,2.37,68.66
3/24/2022,4.23,30.17,69.98,4.92,68.63
3/25/2022,6.42,20.01,86.91,2.65,68.82
3/26/2022,14.76,32.22,69.7,3.49,69.38
3/27/2022,2.65,20.35,58.48,3.9,69.32
3/28/2022,1.67,31.13,77.27,6.85,69.06
3/29/2022,9.58,31.51,88.8,7.25,69.18
3/30/2022,10.13,22.64,86.84,3.81,69.49
3/31/2022,14.47,25.36,62,7.15,69.86
4/1/2022,12.18,22.58,81.91,7.14,70.11
4/2/2022,10.4,26.14,63.82,6.59,70.3
4/3/2022,4.67,25.77,63.73,2.88,70.39
4/4/2022,9.92,30.12,89.96,6.14,70.58
4/5/2022,10.37,32.24,64.99,7.67,70.71
4/6/2022,4.52,32.58,65.53,6.1,70.63
4/7/2022,27.11,24.75,55.03,3.99,71.79
4/8/2022,11.78,26.16,89.83,5,72.13
4/9/2022,3.49,20.27,86.7,5.87,72.01
4/10/2022,14.52,23.78,80.09,5.06,72.48
4/11/2022,16.23,30.86,85.01,2.72,73.16
4/12/2022,11.29,33.46,61.08,3.87,73.53
4/13/2022,6.85,22.06,73.33,6.81,73.53
4/14/2022,4.35,24.63,69.05,7.17,73.39
4/15/2022,7.85,26.89,58.75,2.82,73.64
4/16/2022,10.74,28.12,74.45,7.71,73.79
4/17/2022,8.42,23.76,91.83,3.97,74.02
4/18/2022,21.68,28.7,56.6,5.97,74.8
4/19/2022,13.06,25.1,66.66,6.51,75.13
4/20/2022,3.93,26.94,63.3,6.87,74.98
4/21/2022,3.16,29.19,64.53,7.67,74.76
4/22/2022,11.85,27.03,91.34,3.88,75.16
4/23/2022,6.97,25.25,73.72,7.15,75.15
4/24/2022,13.84,26.56,73.65,2.79,75.7
4/25/2022,11.78,26.65,85.42,6.23,75.98
4/26/2022,7.87,25.52,61.18,6.45,76.05
4/27/2022,3.98,25.96,74.49,6.07,75.94
4/28/2022,1.88,33.39,72.2,3.51,75.86
4/29/2022,9.79,29.24,78.88,7.24,75.99
4/30/2022,2.6,25.82,94.98,3.01,75.97
5/1/2022,3.83,29.79,85.78,2.32,76.04
5/2/2022,9.37,25.66,70.91,6.3,76.2
5/3/2022,8.71,31.69,88.1,4.85,76.39
5/4/2022,2.92,28.48,61.83,7.09,76.18
5/5/2022,17.46,26.57,56.22,4.3,76.84
5/6/2022,17.15,28.79,63.18,3.01,77.55
5/7/2022,12.12,20.72,68.62,7.02,77.8
5/8/2022,12.11,22.49,75.42,5.29,78.14
5/9/2022,12.12,22.22,79.61,3.14,78.59
5/10/2022,16.13,27.57,91.42,6.32,79.08
5/11/2022,13.28,33.93,75.39,5.07,79.49
5/12/2022,4.27,35.93,75.05,5.63,79.43
5/13/2022,6.9,29.55,57.01,4.77,79.53
5/14/2022,33.98,29,56.4,6.97,80.88
5/15/2022,1.16,19.8,77.05,6.98,80.59
5/16/2022,5.64,24.83,72.53,6.26,80.56
5/17/2022,17.52,23.85,88.57,2.63,81.3
5/18/2022,4.52,24.52,61.43,7.03,81.18
5/19/2022,13.53,26.33,56,6.03,81.55
5/20/2022,8.63,25.11,72.96,6.18,81.68
5/21/2022,4.8,19.08,64.5,4.18,81.71
5/22/2022,0.91,29.99,56.98,7.28,81.39
5/23/2022,9.6,22.71,83.98,6.35,81.55
5/24/2022,4.19,27.96,59.46,2.68,81.63
5/25/2022,7.61,35.3,79.33,4.45,81.79
5/26/2022,12.04,23.32,66.24,7.32,82.02
5/27/2022,15.26,16.88,61.94,2.28,82.67
5/28/2022,5.63,25.86,70.19,7.77,82.56
5/29/2022,4.79,31.4,87.06,6.07,82.5
5/30/2022,2.56,34.83,70.68,5.79,82.34
5/31/2022,15.77,22.08,85.03,3.62,82.95
6/1/2022,30.91,28.99,60.02,3.49,84.32
6/2/2022,16.93,25.14,85.91,7.65,84.78
6/3/2022,19.48,26.58,64.48,3.79,85.56
6/4/2022,4.55,37.58,82.1,6.65,85.46
6/5/2022,11.54,20.99,77.63,4.36,85.82
6/6/2022,14.4,28.01,92.17,2.84,86.4
6/7/2022,3.32,28.87,70.49,2.06,86.46
6/8/2022,23.94,31.34,57.65,5.27,87.39
6/9/2022,2.09,27.39,55.77,7.85,87.11
6/10/2022,21.53,28.23,88.07,4.21,87.97
6/11/2022,2.08,25.43,75.99,4.14,87.87
6/12/2022,3.47,28.08,86.01,4.06,87.84
6/13/2022,11.69,25.63,64.38,5.12,88.17
6/14/2022,8.79,29.49,68.8,4.64,88.38
6/15/2022,6.09,25.52,56.2,7.28,88.32
6/16/2022,23.34,28.51,93.46,5.03,89.23
6/17/2022,2.62,26.88,81.71,5.05,89.11
6/18/2022,7.39,31.5,92.33,2.83,89.34
6/19/2022,12.74,26.79,65.62,7.9,89.58
6/20/2022,10.28,19.91,79.46,3.5,89.92
6/21/2022,4.93,32.05,82.14,2.44,90.04
6/22/2022,5.08,23.38,67.7,5.98,90
6/23/2022,15.11,24.38,88.92,5.57,90.48
6/24/2022,15.59,24.62,92.89,4.49,91.03
6/25/2022,10.48,32.5,90.39,4.53,91.33
6/26/2022,4.05,18.46,84.56,6.71,91.19
6/27/2022,5.22,39.55,66.1,3.17,91.3
6/28/2022,8.2,31.22,66.26,6.92,91.36
6/29/2022,9.11,27.89,93.53,5.89,91.52
6/30/2022,12.39,26.78,55.41,4.51,91.92
7/1/2022,7.1,28.14,83.64,4.75,92.03
7/2/2022,14.88,29.08,83.25,3.54,92.6
7/3/2022,14.76,29.58,79.91,6.51,93.01
7/4/2022,19.92,29.22,94.6,5.08,93.76
7/5/2022,8.47,27.36,67.48,3.93,93.98
7/6/2022,10.61,26.21,68.6,5.58,94.23
7/7/2022,7.52,26.39,58.16,7.97,94.21
7/8/2022,4.09,26.22,72.71,4.61,94.18
7/9/2022,30.45,31.54,65.44,7.52,95.33
7/10/2022,18.27,29.37,68.74,4.07,96.04
7/11/2022,14.56,15.24,88.38,2.33,96.65
7/12/2022,8.25,29.62,92.42,3.23,96.9
7/13/2022,3.78,27.78,62.43,4.51,96.87
7/14/2022,16.35,26.93,69.9,3.32,97.52
7/15/2022,7.42,25.45,92.15,2,97.79
7/16/2022,11.29,31.5,57.47,7.49,97.98
7/17/2022,5.2,30.79,58.69,7.06,97.89
7/18/2022,10.02,23.91,61.51,6.45,98.07
7/19/2022,5.47,28.63,78.81,3.01,98.19
7/20/2022,5.65,23.11,61.02,2.72,98.33
7/21/2022,9.92,21.48,93.72,2.41,98.71
7/22/2022,2.05,24.49,72.87,6.34,98.5
7/23/2022,2.15,30.45,75.06,7.57,98.22
7/24/2022,4.5,30.81,64.87,4.58,98.22
7/25/2022,7.03,29.05,73.84,2.71,98.44
7/26/2022,15.19,29.9,81.48,5.07,98.94
7/27/2022,7.34,29.06,85.05,4.09,99.11
7/28/2022,8.21,24.43,85.15,4.25,99.3
7/29/2022,6.61,28.73,78.12,5.73,99.35
7/30/2022,10.59,30.2,91.17,6.31,99.56
7/31/2022,4.05,30.02,87.7,2.66,99.63
8/1/2022,7.65,31.76,85.28,2.21,99.9
8/2/2022,11.2,29.83,57.22,7.97,100.06
8/3/2022,9.87,28.41,55.28,3.4,100.39
8/4/2022,8.41,31.28,63.5,2.32,100.69
8/5/2022,8.49,26.89,81.54,3.14,100.96
8/6/2022,11.98,23.47,71.45,2.23,101.45
8/7/2022,31.39,26.35,71.1,4.35,102.8
8/8/2022,4.3,24.02,90.38,6.81,102.67
8/9/2022,31.97,24.3,90.82,4.05,104.07
8/10/2022,4.13,26.42,91.37,4.67,104.04
8/11/2022,0.77,23.83,67.56,6.05,103.78
8/12/2022,5.38,25.77,82.64,5.05,103.8
8/13/2022,10.74,19.43,65.87,7.17,103.97
8/14/2022,27.26,27.85,62.62,7.2,104.98
8/15/2022,3.78,27,62.39,2.06,105.06
8/16/2022,11.93,23.73,68.68,6.67,105.33
8/17/2022,2.39,29.64,72.2,4.76,105.21
8/18/2022,26.63,30.75,88.24,7.93,106.14
8/19/2022,18.5,20.57,59.8,4.9,106.82
8/20/2022,5.66,23.95,84.4,7.92,106.71
8/21/2022,20.48,23.92,76.26,6.53,107.41
8/22/2022,7.62,23.24,66.52,3.49,107.61
8/23/2022,19.15,30.32,74.71,5.23,108.31
8/24/2022,8.37,26.22,67,7.95,108.33
8/25/2022,8.64,25.94,78.84,7.15,108.4
8/26/2022,5.75,18.98,72.35,2.58,108.56
8/27/2022,13.04,29.54,61.58,6.24,108.9
8/28/2022,9.13,22.04,59.66,4.07,109.16
8/29/2022,12.11,27.24,76.87,2.04,109.66
8/30/2022,1.84,28.11,91.1,4.42,109.53
8/31/2022,19.6,32.44,68.76,3.41,110.34
9/1/2022,22.89,21.76,84.32,6.91,111.14
9/2/2022,9.1,14.92,81.35,4.02,111.39
9/3/2022,29.97,27.74,92.26,6.97,112.54
9/4/2022,25.58,34.2,87.84,2,113.72
9/5/2022,13.23,31.96,77.66,3.85,114.19
9/6/2022,20.66,27.84,81.28,3.45,115.05
9/7/2022,17.2,25.03,90.94,3.4,115.74
9/8/2022,1.36,30.23,70.98,2.41,115.69
9/9/2022,6.71,23.11,68.07,3.12,115.87
9/10/2022,13.88,28.91,55.43,5.33,116.3
9/11/2022,23.89,29.02,88.06,3.75,117.3
9/12/2022,2.22,31.24,87.04,4.5,117.19
9/13/2022,1.46,38.04,59.18,4.26,117.05
9/14/2022,7.98,28.57,78.07,7.26,117.09
9/15/2022,0.84,24.96,73.56,7.43,116.76
9/16/2022,7.77,26.9,59.75,4.96,116.9
9/17/2022,10.93,19.92,94.22,3.98,117.24
9/18/2022,3.62,24.22,63.59,2.64,117.29
9/19/2022,7.94,25.36,57.69,7.72,117.3
9/20/2022,16.14,24.9,78.79,2.36,117.99
9/21/2022,5.36,27.61,84.55,3.79,118.07
9/22/2022,4.19,23.71,56.3,3.79,118.09
9/23/2022,7.66,31.48,81.35,3.92,118.28
9/24/2022,3.28,27,76.29,2.99,118.29
9/25/2022,28.54,26.96,59.13,6.7,119.39
9/26/2022,8.56,25.69,61.9,2.73,119.68
9/27/2022,4.58,27.62,77.72,5.81,119.62
9/28/2022,9.79,30.3,66.85,2.74,119.97
9/29/2022,7.63,23.53,92.53,2.42,120.23
9/30/2022,6.99,24.37,87.75,7.46,120.2
10/1/2022,5.36,25.79,94.34,3.14,120.32
10/2/2022,5.14,21.62,65.39,6.93,120.23
10/3/2022,1.88,23.72,93.79,5.27,120.06
10/4/2022,20.64,25.1,72.25,2.47,120.97
10/5/2022,12.64,30.5,68.9,7.73,121.21
10/6/2022,10.51,28.05,57.01,3.48,121.56
10/7/2022,7.53,27.77,57.11,7.16,121.58
10/8/2022,3.56,30.4,82.68,3.01,121.61
10/9/2022,4.34,26.45,73.32,7.12,121.47
10/10/2022,2.11,28.56,64.06,2.08,121.47
10/11/2022,4.82,26.59,79.56,5.07,121.46
10/12/2022,3.12,28.06,65.11,6.62,121.28
10/13/2022,24.66,24.67,78.11,7.61,122.14
10/14/2022,15.42,17.24,69.37,7.46,122.53
10/15/2022,8.84,26.46,87.94,6.92,122.63
10/16/2022,3.92,32.69,87.83,7.33,122.46
10/17/2022,3.27,30.7,74.09,3.2,122.46
10/18/2022,7.16,30.86,69.03,3.71,122.64
10/19/2022,15.86,31.94,69.5,3.73,123.24
10/20/2022,2.17,27.35,87.23,4.26,123.14
10/21/2022,12.52,27.79,68.13,4.36,123.55
10/22/2022,4.8,24.53,63.36,5.27,123.52
10/23/2022,5.57,25.74,58.39,2.96,123.65
10/24/2022,8.65,29.46,73.67,6.15,123.78
10/25/2022,4.04,31.82,74.29,3.01,123.83
10/26/2022,6.88,26.44,88.64,3.86,123.98
10/27/2022,3.74,25.2,63.85,5.02,123.92
10/28/2022,5.14,27,70.24,6.78,123.83
10/29/2022,14.22,29.4,87.34,6.44,124.22
10/30/2022,8.99,21.22,87.94,5.87,124.38
10/31/2022,14.19,17.82,70.38,2.93,124.94
11/1/2022,4.75,24.8,73.36,5.28,124.92
11/2/2022,12.59,22.12,67.13,2.52,125.42
11/3/2022,1.62,24.97,92.3,4.26,125.29
11/4/2022,8.65,26.41,59.75,4.48,125.49
11/5/2022,13.17,25.19,92.35,2.24,126.04
11/6/2022,1.55,32.81,82.35,3.64,125.94
11/7/2022,4.79,28.31,76.26,7.73,125.79
11/8/2022,8.64,28.2,56.31,7.72,125.84
11/9/2022,16.66,29.49,74.02,4.11,126.46
11/10/2022,5.14,22.44,71.31,2.26,126.61
11/11/2022,12.24,31.16,61.45,3.07,127.07
11/12/2022,21.53,26.7,81.26,4.35,127.93
11/13/2022,12.64,29.68,93.85,7.69,128.17
11/14/2022,7.09,22.71,77.49,2.85,128.38
11/15/2022,10.97,20.78,83.59,6.58,128.6
11/16/2022,5.01,30.27,57.74,2.65,128.72
11/17/2022,8.9,28.51,71.71,7.89,128.77
11/18/2022,7.37,23.39,59.65,4.29,128.93
11/19/2022,10.71,23.52,79.51,6.65,129.13
11/20/2022,5.95,31.5,92.54,4.06,129.22
11/21/2022,11.15,22.24,81.47,5.77,129.49
11/22/2022,5.9,33.57,58.07,3.15,129.63
11/23/2022,15.32,23.4,69.19,2.88,130.25
11/24/2022,6.4,29.55,77.03,7.63,130.19
11/25/2022,0.89,25.69,71.13,7.51,129.86
11/26/2022,3.37,29.41,88.35,7.32,129.66
11/27/2022,8.45,24.82,87.59,5.75,129.8
11/28/2022,24.51,26.35,79.47,6.85,130.68
11/29/2022,14.92,27.16,69.94,2.41,131.31
11/30/2022,0.66,22.99,65.21,4.01,131.14
12/1/2022,1.97,29.96,59.23,3.88,131.04
12/2/2022,18.11,24.95,69.2,5.81,131.66
12/3/2022,13.12,26.09,71.53,4.14,132.11
12/4/2022,33.26,23.02,82.03,2.89,133.63
12/5/2022,5.71,16.75,81.33,5.58,133.63
12/6/2022,3.96,26.24,57.8,6.89,133.49
12/7/2022,8.8,36.65,70.81,4.29,133.71
12/8/2022,5.61,30.14,62.27,2.79,133.85
12/9/2022,16.98,26.92,61.27,3.18,134.54
12/10/2022,5.46,25.95,88.09,3.42,134.64
12/11/2022,6.71,27.09,56.68,3.8,134.79
12/12/2022,3.48,29.19,71.77,5.86,134.67
12/13/2022,14.24,22.28,61.73,5.61,135.1
12/14/2022,3.69,31.46,90.17,6.18,134.98
12/15/2022,11.3,29.86,77.28,4.18,135.33
12/16/2022,27.27,29.87,64.26,6.94,136.35
12/17/2022,1.32,28.75,75.1,3.22,136.26
12/18/2022,22.2,27.08,84.26,4.81,137.12
12/19/2022,10.27,29.69,93.32,6.81,137.3
12/20/2022,2.98,29.37,63.82,3.08,137.29
12/21/2022,9.06,25.58,90.45,2.66,137.61
12/22/2022,13.95,24.71,92.37,7.3,137.95
12/23/2022,4.2,27.41,91.66,4.06,137.95
12/24/2022,11.76,33.2,80.42,6.1,138.24
12/25/2022,23.43,22.04,80.19,2.15,139.3
12/26/2022,5.45,21.13,71.13,6.14,139.26
12/27/2022,3.44,27.66,85.1,3.9,139.24
12/28/2022,7.55,27.2,76.25,2.33,139.5
12/29/2022,8.7,27.69,82.1,5.66,139.65
12/30/2022,17.58,27.98,72.14,3.44,140.36
12/31/2022,7.35,26.11,84.26,4.32,140.51
1/1/2023,5.87,32.96,87.98,2.48,140.68
1/2/2023,3.36,20.6,60.86,2.88,140.71
1/3/2023,1.57,23.69,88.32,3.79,140.6
1/4/2023,2.47,26.59,76.61,2.54,140.59
1/5/2023,2.46,20.43,88.79,7.46,140.34
1/6/2023,6.77,26.3,72.25,2.04,140.58
1/7/2023,1.91,33.65,70.16,4.9,140.43
1/8/2023,7.99,27.08,91.6,2.74,140.69
1/9/2023,26.87,27.92,65.05,3.85,141.84
1/10/2023,17.93,21.96,88.77,7.56,142.36
1/11/2023,6.72,24.53,74.36,2.97,142.55
1/12/2023,38.43,25.5,75.56,7.79,144.08
1/13/2023,8.72,25.73,67.34,3.23,144.36
1/14/2023,9.68,32.13,77.92,6.45,144.52
1/15/2023,7.44,29.23,68.01,5.28,144.62
1/16/2023,8.12,22.55,56.57,7.31,144.67
1/17/2023,5.29,27.99,65.88,5.32,144.66
1/18/2023,6.79,28.99,55.26,5.21,144.74
1/19/2023,22.3,31.56,94.13,3.17,145.7
1/20/2023,19.24,33.32,93.63,3,146.51
1/21/2023,0.84,22.94,70.81,7.5,146.18
1/22/2023,2.15,23.76,84.13,3.97,146.09
1/23/2023,4.25,21.97,68.83,4.23,146.09
1/24/2023,15.95,26.06,81.84,6.56,146.56
1/25/2023,19.53,28.87,87.22,4.03,147.33
1/26/2023,13.91,30.95,92.87,7.71,147.64
1/27/2023,2.96,26.7,71.01,6.43,147.47
1/28/2023,5.39,25.72,86.33,5.58,147.46
1/29/2023,11.91,27.61,65.64,7.29,147.69
1/30/2023,6.88,23.66,94.61,2.3,147.92
1/31/2023,6.14,35.36,56.03,3.54,148.05
2/1/2023,6.21,20.57,79.14,4.79,148.12
2/2/2023,18.28,27.74,81.38,3.36,148.87
2/3/2023,12.78,35.09,82.52,6.46,149.18
2/4/2023,6.49,27.03,59.82,7.52,149.13
2/5/2023,10.62,26.24,92.54,4.54,149.44
2/6/2023,2.59,25.57,62.25,4.05,149.36
2/7/2023,5.39,26.28,79.91,7.77,149.24
2/8/2023,17.1,32.49,63.91,4.67,149.86
2/9/2023,1.78,18.15,67.29,4.93,149.71
2/10/2023,12.89,33.13,76.86,4.11,150.15
2/11/2023,0.82,21.3,71.69,7.46,149.81
2/12/2023,24.78,25.93,61.41,5.41,150.78
2/13/2023,5.29,25.28,61.84,6.57,150.72
2/14/2023,11.18,29.35,71.73,6.87,150.93
2/15/2023,9.09,20.61,85.29,4.05,151.19
2/16/2023,9.34,28.85,90.92,4.6,151.42
2/17/2023,10.48,35.1,58.37,7.09,151.59
2/18/2023,1.45,21.55,70.72,4.18,151.46
2/19/2023,9.49,27.76,59.01,6.76,151.59
2/20/2023,7.2,24.35,55.66,7.65,151.57
2/21/2023,5.31,28.7,81.47,5.74,151.55
2/22/2023,4.25,27.08,79.1,6.45,151.44
2/23/2023,9.66,24.43,61.52,6.83,151.58
2/24/2023,3.48,28.95,64.35,7.07,151.4
2/25/2023,16.9,34.22,55.95,4.37,152.03
2/26/2023,11.77,26.24,88.4,2.31,152.5
2/27/2023,10.1,29.88,93.99,4.41,152.78
2/28/2023,16.42,21.83,60.42,6.04,153.3
3/1/2023,1.2,23.17,64.26,4.7,153.13
3/2/2023,2.5,28.89,89.74,6.49,152.93
3/3/2023,12.14,32.94,92.06,4.14,153.33
3/4/2023,4.47,28.42,71.79,5.81,153.26
3/5/2023,4.98,25.75,57.02,3.12,153.36
3/6/2023,2.15,27,56.58,6.5,153.14
3/7/2023,3.49,22,77.96,5.27,153.05
3/8/2023,17.15,29.42,70.72,3.22,153.74
3/9/2023,11.94,30.53,56.15,3.75,154.15
3/10/2023,9.58,25.19,78.33,6.49,154.31
3/11/2023,5.14,25.12,55.45,4.9,154.32
3/12/2023,9.15,28.06,86.49,3.3,154.61
3/13/2023,18.17,25.25,67.26,7.8,155.13
3/14/2023,4.57,26.74,56.61,6.29,155.05
3/15/2023,8.11,35.4,78.53,7.74,155.06
3/16/2023,25.79,26.01,70.91,4.56,156.13
3/17/2023,13.79,25.57,93.95,4.85,156.57
3/18/2023,5.2,24.41,76.77,7.39,156.46
3/19/2023,13.03,29.98,66.01,5.15,156.86
3/20/2023,1.75,26.28,83.38,6.24,156.63
3/21/2023,7.86,24.4,65.86,3.51,156.85
3/22/2023,13.02,32.29,91.17,4.68,157.27
3/23/2023,11.04,32.68,69.99,2.74,157.68
3/24/2023,12.93,24.6,76.99,3.24,158.17
3/25/2023,14.96,19.53,57.02,2.01,158.81
3/26/2023,11.66,31.03,72.04,2.24,159.29
3/27/2023,11.43,24.26,88.29,7.86,159.46
3/28/2023,9.75,30.16,87.23,3.45,159.78
3/29/2023,3.12,19.12,63.97,5.98,159.64
3/30/2023,17.15,30.57,64.04,7.03,160.14
3/31/2023,8.08,22.16,87.69,5.3,160.28
4/1/2023,13.55,29.92,92.22,2.92,160.81
4/2/2023,15.98,27.06,58.81,6.37,161.29
4/3/2023,5.43,23.18,73,5.6,161.28
4/4/2023,5.83,25.37,68.5,6.39,161.26
4/5/2023,6.49,29.75,89.83,6.62,161.25
4/6/2023,19.35,27.42,58.34,7.85,161.83
4/7/2023,3.79,29.34,63.45,5.44,161.74
4/8/2023,21.6,34.91,85.1,4.05,162.62
4/9/2023,9.67,20.74,57.05,5.89,162.81
4/10/2023,10.18,33.47,74.7,2.41,163.2
4/11/2023,15.5,27.42,72.68,7.38,163.6
4/12/2023,8.88,23.4,68.38,2.72,163.91
4/13/2023,17.28,21.68,70.78,3.97,164.58
4/14/2023,5.42,26.24,76.2,6.89,164.5
4/15/2023,21.14,30.69,61.45,5.58,165.28
4/16/2023,5.78,26.49,77.88,4.36,165.35
4/17/2023,21.68,33.04,87.22,4.84,166.19
4/18/2023,5.9,21.2,85.41,7.13,166.13
4/19/2023,6.64,26.95,61.16,4.04,166.26
4/20/2023,3.39,21.99,60.97,7.22,166.07
4/21/2023,4.29,28.45,65.73,2.53,166.16
4/22/2023,8.11,30.55,69.44,6.66,166.23
4/23/2023,9.94,25.32,71.34,7.09,166.37
4/24/2023,16.44,16.58,82.19,3.09,167.04
4/25/2023,7.03,27.8,57.27,4.58,167.16
4/26/2023,11.05,28.75,56.39,2.99,167.57
4/27/2023,9.45,28.62,70.68,6.24,167.73
4/28/2023,11.93,31.94,82.89,5.21,168.06
4/29/2023,4.86,22.72,62.74,5.81,168.02
4/30/2023,5.35,29.72,80.66,3.18,168.13
5/1/2023,4.86,31.77,65.39,3.27,168.2
5/2/2023,18.61,19.89,90.44,2.25,169.02
5/3/2023,21.28,28.28,90.83,3.93,169.89
5/4/2023,5.17,24.98,66.89,5.36,169.88
5/5/2023,5.25,26.67,64.2,7.15,169.79
5/6/2023,13.12,28.39,71.45,6,170.14
5/7/2023,22.85,25.05,64.62,4.61,171.05
5/8/2023,26.13,24.3,81.9,7.72,171.97
5/9/2023,4.97,27.14,88.04,6.32,171.91
5/10/2023,6.07,22.65,81.92,7.58,171.83
5/11/2023,10.32,22.66,87.97,5.17,172.09
5/12/2023,10.68,29.72,70.88,3.55,172.45
5/13/2023,7.24,22.4,61.25,2.32,172.69
5/14/2023,4.17,29.67,84.52,6.36,172.58
5/15/2023,8.12,28.85,69.42,2.73,172.85
5/16/2023,26.11,20.1,81.85,3.82,173.97
5/17/2023,5.42,24.29,65.83,5.19,173.98
5/18/2023,9.86,31.78,58.25,5.39,174.2
5/19/2023,37.6,23.08,94.7,5.6,175.8
5/20/2023,5.35,25.14,61.25,3,175.92
5/21/2023,13.56,28.85,94.54,4.28,176.38
5/22/2023,26.84,30.13,94.09,5.7,177.44
5/23/2023,12.76,25.99,86.75,7.82,177.69
5/24/2023,17.73,24.61,81.38,6.37,178.25
5/25/2023,14.83,32.69,78.11,7.54,178.62
5/26/2023,12.06,33.96,89.64,6.57,178.89
5/27/2023,20.82,30.92,66.58,5.55,179.66
5/28/2023,13.26,27.34,73.71,3.15,180.16
5/29/2023,7.3,23.77,79.78,6,180.23
5/30/2023,9.32,23.68,71.45,5.74,180.41
5/31/2023,10.95,29.09,72.1,5.61,180.67
6/1/2023,6.04,28.67,68.21,4.94,180.73
6/2/2023,9.63,32.61,77.57,5.17,180.95
6/3/2023,8.64,29.6,89.02,4.01,181.18
6/4/2023,13.23,20.99,63.06,5.12,181.59
6/5/2023,31.55,31.21,92.38,3.19,183.01
6/6/2023,10.05,23.01,82.56,6.83,183.17
6/7/2023,23.23,25.46,87.93,3.11,184.17
6/8/2023,12.91,28,77.25,2.51,184.69
6/9/2023,9.6,34.98,86.18,4.62,184.94
6/10/2023,5.77,39.44,55.65,5.95,184.93
6/11/2023,9.65,29.43,87.74,4.63,185.18
6/12/2023,9.22,26.27,56.61,3.66,185.46
6/13/2023,4.58,29.14,90.6,5.35,185.42
6/14/2023,5.22,30.55,94.68,4.08,185.48
6/15/2023,11.01,25.72,66.76,7.6,185.65
6/16/2023,23.07,34.18,63.41,7.54,186.43
6/17/2023,7.92,27.92,85.61,5.01,186.57
6/18/2023,2.05,28.99,65.12,3.97,186.48
6/19/2023,3.33,29.66,89.62,6.42,186.32
6/20/2023,13.79,28.69,59.11,2.22,186.9
6/21/2023,2.5,30.36,60.04,4.85,186.78
6/22/2023,15.33,24.53,94.17,4.02,187.35
6/23/2023,13.27,24.77,81.95,7.52,187.64
6/24/2023,7.71,22.6,88.88,2.07,187.92
6/25/2023,4.62,28.76,67.97,5.32,187.88
6/26/2023,6.87,30.12,82.06,6.44,187.91
6/27/2023,10.82,28.83,78.77,4.91,188.2
6/28/2023,2.58,33.7,79.13,2.51,188.2
6/29/2023,21.56,26.98,82.3,7.83,188.89
6/30/2023,10.75,29.67,78.01,5.11,189.17
7/1/2023,11.64,22.63,72.16,5.69,189.47
7/2/2023,13.21,25.45,66.04,3.42,189.96
7/3/2023,20.19,29.78,85.74,4.9,190.72
7/4/2023,9.67,30.4,64.05,4.57,190.98
7/5/2023,13.8,25.82,82.69,2.45,191.55
7/6/2023,4.69,26.71,64.33,2.64,191.65
7/7/2023,26.2,20.93,80.01,7.02,192.61
7/8/2023,9.19,25.57,84.88,3.44,192.9
7/9/2023,4.66,30.56,63.75,3.17,192.97
7/10/2023,5.77,29.3,57.4,5.03,193.01
7/11/2023,1.12,29,60.24,6.61,192.73
7/12/2023,5.74,27.2,79.24,2.37,192.9
7/13/2023,0.44,27.03,88.98,5.46,192.65
7/14/2023,14.5,24.36,56.8,2.72,193.24
7/15/2023,11.39,29.8,84.37,2.22,193.7
7/16/2023,3.52,28.68,68.65,2.32,193.76
7/17/2023,8.03,28.97,74.14,7,193.81
7/18/2023,8.31,24.9,92.15,2.71,194.09
7/19/2023,2.87,18.39,68.28,2.27,194.12
7/20/2023,6.99,31.39,73.61,4.63,194.24
7/21/2023,8.51,25.08,55.55,7.06,194.31
7/22/2023,6.84,23.55,58.26,3.57,194.47
7/23/2023,4.66,29.77,65.34,4.53,194.48
7/24/2023,3.4,25.43,56.11,2.24,194.54
7/25/2023,6.65,31.24,80.26,4.69,194.64
7/26/2023,5.16,29.47,72.06,5.47,194.62
7/27/2023,12.6,29.73,76.93,5.43,194.98
7/28/2023,21.02,21.54,61.99,3.99,195.83
7/29/2023,15.84,31.85,66.84,3.89,196.43
7/30/2023,8.72,28.05,81.55,2.64,196.73
7/31/2023,4.82,25.52,93.61,4.2,196.76
8/1/2023,15.55,27.57,57.02,2.6,197.41
8/2/2023,13.14,19.9,90.62,6.6,197.74
8/3/2023,20.06,28.63,78.08,7.8,198.35
8/4/2023,9.68,22.88,77.56,7.82,198.44
8/5/2023,25.31,21.59,75.01,7.19,199.35
8/6/2023,9.68,20.91,57.78,5.6,199.55
8/7/2023,4.8,31.45,58.6,6.21,199.48
8/8/2023,5.58,24.48,79.04,3.71,199.58
8/9/2023,12.18,33.13,68.64,5.78,199.9
8/10/2023,5.15,24.86,91.69,4.73,199.92
8/11/2023,25.2,20.17,71.26,4.89,200.93
8/12/2023,11.48,22.53,60.73,6.55,201.18
8/13/2023,8.58,31.94,83.59,3.69,201.42
8/14/2023,9.13,26.38,66.73,3.91,201.68
8/15/2023,6.78,24.81,76.02,7.55,201.65
8/16/2023,1.54,27.64,82.91,2.34,201.61
8/17/2023,5.59,29.01,91.01,4.91,201.64
8/18/2023,23.18,31.47,86.69,7.48,202.42
8/19/2023,9.87,32.79,82.05,5.66,202.64
8/20/2023,17.08,25.56,82.19,5.28,203.23
8/21/2023,17.42,21.7,92.84,3.5,203.92
8/22/2023,8.09,25.35,66.83,4.06,204.12
8/23/2023,13.29,28.04,55.04,7.11,204.43
8/24/2023,1.74,23.14,65.88,5.36,204.25
8/25/2023,21.96,23.17,63.72,5.09,205.09
8/26/2023,20.79,28.38,81.47,2.6,206
8/27/2023,11.95,26.81,80.35,2.1,206.5
8/28/2023,10.13,27.13,78.74,7.78,206.61
8/29/2023,8.17,23.97,55.65,4.26,206.81
8/30/2023,18.43,26.08,84.15,5.62,207.45
8/31/2023,14.37,23.3,67.94,2.48,208.04
9/1/2023,6.21,30.56,81.6,6.1,208.05
9/2/2023,2.99,31.14,77.26,7.6,207.82
9/3/2023,2.46,19.62,68.71,5.45,207.67
9/4/2023,18.3,23.28,60.38,2.76,208.45
9/5/2023,8.03,21.01,58.78,5.49,208.57
9/6/2023,11.81,24.4,88.26,6.6,208.83
9/7/2023,8.84,26.67,91.74,4.44,209.05
9/8/2023,2.49,21.2,80.99,7.28,208.81
9/9/2023,1.78,23.31,59.14,5.89,208.61
9/10/2023,5.86,22.98,71.08,7.4,208.53
9/11/2023,6.28,27.83,84.16,5.74,208.56
9/12/2023,6.28,27.28,86.19,2.79,208.73
9/13/2023,6.42,24.11,59.73,3.86,208.86
9/14/2023,30.21,27.71,55,3.21,210.21
9/15/2023,16.91,24.81,83.49,7.45,210.68
9/16/2023,9.97,25.91,69.26,6.56,210.86
9/17/2023,7.88,33.69,65.18,6.06,210.95
9/18/2023,8.1,32.36,55.52,3.81,211.16
9/19/2023,14.01,21.8,76.61,3.1,211.71
9/20/2023,7.82,30.32,89.05,6.54,211.77
9/21/2023,15.76,30.25,93.31,4.84,212.32
9/22/2023,10.78,22.41,77.63,3.35,212.69
9/23/2023,30.39,30.28,75.58,5.7,213.92
9/24/2023,7.46,33.15,58.4,2.24,214.18
9/25/2023,17.73,22.51,76.95,3.96,214.87
9/26/2023,3.26,23.33,70.2,4.81,214.79
9/27/2023,4.92,31.07,79.29,2.89,214.9
9/28/2023,27.8,28.09,70.55,7.91,215.89
9/29/2023,15.31,29.21,64.61,3.25,216.49
9/30/2023,11.96,28.36,58.8,2.78,216.95
10/1/2023,35.47,28.56,67.6,3.22,218.56
10/2/2023,7.97,21.69,58.87,6.61,218.63
10/3/2023,17.7,31.19,62.08,4.55,219.29
10/4/2023,18.58,31.68,94.49,5.39,219.95
10/5/2023,23.95,26.08,72.76,2.13,221.04
10/6/2023,2.91,26.83,76.27,2.21,221.08
10/7/2023,7.93,20.88,89.94,4.67,221.24
10/8/2023,10.64,29.06,94.82,6.9,221.43
10/9/2023,23.69,29.29,78.31,7.31,222.24
10/10/2023,11.62,26.75,87.5,2.52,222.7
10/11/2023,18.61,31.5,68.08,5.23,223.37
10/12/2023,2.66,25.66,67.23,7.48,223.13
10/13/2023,6.56,29.26,71.11,4.33,223.24
10/14/2023,20.74,22.92,81.9,6.98,223.93
10/15/2023,7.27,26.91,82.29,2.8,224.15
10/16/2023,8.43,26.3,67.61,7.61,224.19
10/17/2023,23.44,27.9,60.33,6.51,225.04
10/18/2023,3.97,25.52,80.3,7.65,224.85
10/19/2023,4.85,26.47,60.13,6.06,224.79
10/20/2023,2.38,30.3,78.14,4.18,224.7
10/21/2023,24.06,25.25,82.74,7.63,225.53
10/22/2023,16.7,20.57,83.02,3.65,226.18
10/23/2023,16.41,34,85.14,3.99,226.8
10/24/2023,6.41,32.53,89.91,6.2,226.81
10/25/2023,2.2,21.83,75,6.59,226.59
10/26/2023,1.59,29.76,84.21,7.58,226.29
10/27/2023,20.84,24.99,79.77,3.23,227.17
10/28/2023,12.53,28.05,62.47,6.79,227.46
10/29/2023,14.25,28.18,56.03,6.43,227.85
10/30/2023,10.28,26.06,66.38,2.38,228.24
10/31/2023,4.35,23.86,72.72,4.32,228.25
11/1/2023,6.65,24.24,79.68,3.7,228.39
11/2/2023,3.44,23.34,89,3.83,228.37
11/3/2023,3.05,23.67,62.85,7.9,228.13
11/4/2023,15.78,26.73,60.02,5.86,228.63
11/5/2023,1.75,24.14,93.54,6.31,228.4
11/6/2023,3.46,29.73,59.32,7.86,228.18
11/7/2023,6.97,32.95,74.14,4.26,228.31
11/8/2023,9.03,24.68,78.42,6.81,228.43
11/9/2023,2.35,27.96,76.65,4.61,228.31
11/10/2023,11.51,29,58.44,7.22,228.53
11/11/2023,9.86,28.89,57.28,3.08,228.87
11/12/2023,20.6,27.3,59.22,7.69,229.51
11/13/2023,9.15,29.97,78.42,3.31,229.8
11/14/2023,12.36,28.93,76.77,3.96,230.22
11/15/2023,4.57,22.05,64.35,6.54,230.12
11/16/2023,4.74,30.48,80.51,4.36,230.14
11/17/2023,2.61,30.55,87.8,5.65,229.99
11/18/2023,4.61,23.95,56.66,4.67,229.99
11/19/2023,6.57,27.15,74.93,6.45,229.99
11/20/2023,19.26,29.73,82.57,3.37,230.79
11/21/2023,4.02,26.16,65.09,2.35,230.87
11/22/2023,31.27,31.29,67.31,3.8,232.25
11/23/2023,13.13,36.46,79.55,4.85,232.66
11/24/2023,11.3,23.86,90.92,3.01,233.07
11/25/2023,8.62,21.48,87.4,4.13,233.3
11/26/2023,7.42,28.22,78.33,4.4,233.45
11/27/2023,5.23,29.89,84.21,2.34,233.59
11/28/2023,2.25,26.08,69.59,5.5,233.43
11/29/2023,4.15,32.81,80.64,7.31,233.27
11/30/2023,24.02,21.65,73.65,2.91,234.33
12/1/2023,12.57,29.77,62.6,5.59,234.68
12/2/2023,23.88,24.58,83.07,5.99,235.57
12/3/2023,5.11,33.88,77.26,4.52,235.6
12/4/2023,3.35,34.97,69.34,6.21,235.46
12/5/2023,8.56,23.93,91.45,4.46,235.66
12/6/2023,4.29,24.8,55.84,5.03,235.63
12/7/2023,9.94,30.44,67.63,2.04,236.02
12/8/2023,1.78,25.45,57.28,6.15,235.8
12/9/2023,0.95,26.82,85.66,5.97,235.55
12/10/2023,10.99,27.1,83.08,2.23,235.99
12/11/2023,24.46,19.32,68.25,4.21,237
12/12/2023,11.34,26.94,82.03,7.87,237.18
12/13/2023,12.48,24.24,70.84,4.52,237.58
12/14/2023,8.83,25.03,85.25,5.01,237.77
12/15/2023,9.48,32.77,73.17,7.46,237.87
12/16/2023,2.13,21.97,71.49,6.3,237.66
12/17/2023,4.43,30.25,92.39,5.49,237.61
12/18/2023,19.13,25.88,65.04,6.79,238.22
12/19/2023,6.45,25.88,59.82,7.19,238.19
12/20/2023,18.87,30.16,78.38,4.74,238.89
12/21/2023,9.28,28.36,93.77,4.85,239.11
12/22/2023,9.64,29.28,70.11,4.32,239.38
12/23/2023,6.49,30.87,57.48,7.8,239.31
12/24/2023,13.79,25.67,68.57,6.18,239.7
12/25/2023,16.16,24.55,75.24,2.5,240.38
12/26/2023,4.22,22.66,61.48,7.18,240.23
12/27/2023,2.36,23.7,81.32,4.88,240.1
12/28/2023,1.21,38.8,94.91,2.41,240.04
12/29/2023,12.06,31.98,73.07,5.3,240.38
12/30/2023,11.1,21.6,69.19,4.5,240.71
12/31/2023,37.01,21.71,71.03,7.27,242.2
1/1/2024,8.87,28.93,59.61,3.22,242.48
1/2/2024,7.71,29.19,90.33,6.96,242.52
1/3/2024,10.18,29.2,71.59,5.35,242.76
1/4/2024,10.59,25.98,70.49,2.33,243.17
1/5/2024,7.25,26.5,81.39,7.83,243.14
1/6/2024,4.35,28.31,72.68,5.08,243.11
1/7/2024,8.52,27.34,80.93,3.75,243.35
1/8/2024,8.27,18.12,57.46,4.82,243.52
1/9/2024,8.17,26.08,87.55,7.15,243.57
1/10/2024,14.81,23.59,92.62,3.83,244.12
1/11/2024,8.4,27.7,80.95,3.16,244.38
1/12/2024,2.41,38.94,93.18,2.77,244.36
1/13/2024,4.99,28.47,61.06,3.79,244.42
1/14/2024,7.18,25.75,74.1,6.68,244.45
1/15/2024,8.7,30.69,79.07,4.83,244.64
1/16/2024,12.24,28.93,78.27,3.36,245.09
1/17/2024,8.76,28.68,71.06,3,245.37
1/18/2024,0.98,29.43,68.52,4,245.22
1/19/2024,2.71,35.23,60.07,7.64,244.98
1/20/2024,12.84,22.48,70.67,4.06,245.42
1/21/2024,7.03,28.89,61.51,7.93,245.37
1/22/2024,9.33,23.29,84.37,4.91,245.59
1/23/2024,6.34,29.22,63.35,3.07,245.75
1/24/2024,4.97,23.33,57.34,7.35,245.64
1/25/2024,6.53,25.33,77.09,4.76,245.72
1/26/2024,9.41,25.82,78.81,6.26,245.88
1/27/2024,8.35,30.9,89.88,7.9,245.9
1/28/2024,16.09,30.67,78.08,2.3,246.59
1/29/2024,1.95,22.02,68.82,2.58,246.56
1/30/2024,2.26,27.22,87.12,6.32,246.36
1/31/2024,6.97,24.16,76.61,3.69,246.52
2/1/2024,12.34,21.97,58.17,3.11,246.98
2/2/2024,14.26,26.13,77.63,2.24,247.59
2/3/2024,5.14,25.77,91.32,2.13,247.74
2/4/2024,0.3,36.71,70.85,6.65,247.42
2/5/2024,5.28,28.73,66.85,2.81,247.54
2/6/2024,11.13,21.49,60.74,4.81,247.86
2/7/2024,8.23,24.74,61.06,5.64,247.99
2/8/2024,12.66,31.09,72.31,4.57,248.39
2/9/2024,18.69,35.35,78.83,2.16,249.22
2/10/2024,7.35,20.66,58.22,6.7,249.25
2/11/2024,5.79,19.48,92.58,2.06,249.44
2/12/2024,3.83,34.48,85.21,6.57,249.3
2/13/2024,2.24,28.56,78.46,7.36,249.04
2/14/2024,1.65,23.53,88.14,4.6,248.9
2/15/2024,4.72,29.14,58.21,5.21,248.87
2/16/2024,17.01,16.46,74.07,4.86,249.48
2/17/2024,13.52,27.01,80.2,4.34,249.94
2/18/2024,5.56,28.31,88.15,7.32,249.85
2/19/2024,31.46,30.7,86.34,7.36,251.06
2/20/2024,5,22.94,66.08,4.01,251.11
2/21/2024,19.88,27.34,92.64,5.69,251.82
2/22/2024,23.02,23.3,59.97,7.56,252.59
2/23/2024,11.67,28.02,90.01,7.77,252.78
2/24/2024,4.68,23.42,93.84,5.05,252.76
2/25/2024,6.19,25.37,62.09,4.72,252.84
2/26/2024,9.58,23.02,83.88,3.67,253.13
2/27/2024,2.31,29.6,56.61,7.75,252.86
2/28/2024,3.5,30.43,71.22,2.86,252.89
2/29/2024,3.24,26.06,75.65,5.48,252.78
3/1/2024,12.3,27.15,78.23,3.7,253.21
3/2/2024,18.57,21.21,92.44,3.67,253.96
3/3/2024,13.89,25.8,81.89,4.43,254.43
3/4/2024,16.56,26.8,74.25,7.99,254.86
3/5/2024,4.34,37.48,87.39,2.33,254.96
3/6/2024,6.42,22.55,93.02,5.47,255.01
3/7/2024,6.82,32.86,55.88,2.5,255.22
3/8/2024,11.64,30.99,94.3,2.93,255.66
3/9/2024,4.83,28.12,58.45,4.64,255.67
3/10/2024,15.87,34.03,87.58,5.06,256.21
3/11/2024,22.61,28.49,66.21,3.55,257.16
3/12/2024,12.06,28.56,60.29,3.9,257.57
3/13/2024,6.19,26.79,72.59,2.52,257.75
3/14/2024,4.01,31.89,80.76,3.82,257.76
3/15/2024,3.24,31.39,70.24,7.8,257.53
3/16/2024,0.99,24.5,57.18,7.67,257.2
3/17/2024,6.99,21.72,78.98,4.01,257.35
3/18/2024,6.67,26.19,91.1,5.43,257.41
3/19/2024,15.21,23.8,70.33,7.46,257.8
3/20/2024,5.11,26.75,63.65,2.04,257.95
3/21/2024,7.3,31.95,72.7,6.86,257.97
3/22/2024,10.29,25.17,56.93,7.69,258.1
3/23/2024,11.92,26.83,87.82,2.55,258.57
3/24/2024,14.03,27.23,88.05,2.97,259.12
3/25/2024,9.56,30.39,78.52,7.76,259.21
3/26/2024,2.45,18.01,69.12,5.23,259.08
3/27/2024,11.19,24.57,86.99,2.09,259.53
3/28/2024,4.8,27.85,77.19,3.55,259.59
3/29/2024,19.15,31.8,88.04,4.7,260.32
3/30/2024,8.47,25.03,80.26,6.16,260.43
3/31/2024,9.99,19.49,86.38,6.4,260.61
4/1/2024,38.93,29.48,78.94,7.97,262.16
4/2/2024,14.2,24.46,71.57,3.73,262.68
4/3/2024,11.04,22.24,93.32,5.23,262.97
4/4/2024,7.47,24.5,76.64,5.2,263.09
4/5/2024,2.67,26.26,79.2,4.43,263
4/6/2024,7.06,24.58,63.82,3.01,263.2
4/7/2024,3.96,18.18,80.03,7.86,263.01
4/8/2024,24.43,30.59,77.86,7.12,263.87
4/9/2024,11.15,32.1,62.39,4.99,264.18
4/10/2024,18.69,29.61,57.38,5.62,264.83
4/11/2024,4.98,22.45,79.17,3.36,264.91
4/12/2024,4.22,26.19,85.55,5.26,264.86
4/13/2024,13.26,26.97,75.94,6.17,265.22
4/14/2024,3.82,29.4,64.07,5.09,265.15
4/15/2024,5.82,29.67,81.66,7.94,265.05
4/16/2024,25.19,24.06,58.2,5.67,266.02
4/17/2024,6.01,27.33,72.67,4.23,266.11
4/18/2024,2.12,28.83,61.53,6.63,265.89
4/19/2024,1.35,32.82,62.38,3.02,265.8
4/20/2024,1.86,29.82,63.09,4.31,265.68
4/21/2024,19.43,30.16,70.47,4.08,266.45
4/22/2024,5.25,27.34,57.05,4.59,266.48
4/23/2024,38.16,32.64,70.91,6.69,268.05
4/24/2024,22.78,28.64,75.47,4.91,268.95
4/25/2024,29.15,23.56,74.33,6.76,270.07
4/26/2024,16.85,32.61,70.31,5.46,270.64
4/27/2024,12.77,29.79,88.57,4.05,271.07
4/28/2024,4.09,25.23,60.81,6.86,270.93
4/29/2024,8.31,25.08,75.23,3.43,271.18
4/30/2024,13.69,28.19,57.48,3.35,271.7
5/1/2024,16.15,28.85,57.85,5.03,272.25
5/2/2024,2.92,27.79,77.95,3.57,272.22
5/3/2024,7.14,28.25,77.64,2.05,272.47
5/4/2024,7.81,33.8,90.12,5.89,272.57
5/5/2024,7.57,31.29,77.31,5.07,272.69
5/6/2024,3.32,27.76,93.39,4.67,272.63
5/7/2024,26.95,30.77,56.95,7.8,273.58
5/8/2024,6.96,22.87,58.92,5.43,273.66
5/9/2024,3.55,28.59,56.76,7.18,273.48
5/10/2024,27.38,34.24,62.41,2.84,274.71
5/11/2024,22.79,26.13,76.65,5.42,275.58
5/12/2024,9.28,23.61,80.82,7.21,275.68
5/13/2024,5.67,24.39,56.82,5.5,275.69
5/14/2024,1.7,22.64,92.84,6.31,275.46
5/15/2024,12.11,23.86,88.69,4.23,275.85
5/16/2024,5.35,25.52,66.86,2.55,275.99
5/17/2024,8.16,21.38,58.09,4.75,276.16
5/18/2024,25.81,27.06,61.8,4.37,277.23
5/19/2024,5.02,30.61,60.08,7.2,277.12
5/20/2024,11.74,23.37,59.93,3.46,277.54
5/21/2024,14.32,33.08,75.74,7.8,277.86
5/22/2024,19.03,29.04,64.83,7.75,278.43
5/23/2024,7.7,31.12,69.33,3.49,278.64
5/24/2024,7.09,24.37,94.58,4.09,278.79
5/25/2024,6.96,30.42,82.37,7.37,278.77
5/26/2024,10.94,22.63,92.96,7.8,278.93
5/27/2024,22.16,30.56,60.7,4.66,279.8
5/28/2024,6.7,27.69,70.29,3.93,279.94
5/29/2024,0.44,29.21,77.19,5.16,279.7
5/30/2024,15.44,22.3,58.07,6.13,280.17
5/31/2024,8.77,23.42,55.17,3.64,280.42
6/1/2024,12.13,29.39,81.82,6.42,280.71
6/2/2024,1.77,23.21,80.67,2.31,280.68
6/3/2024,5.36,28.85,71.43,2.3,280.84
6/4/2024,14.58,21.53,74.59,4.32,281.35
6/5/2024,2.58,30.39,71.62,4.12,281.27
6/6/2024,11.72,22.07,55.96,3.89,281.66
6/7/2024,8.11,29.21,68.41,4.95,281.82
6/8/2024,4.43,29.5,62.08,3.92,281.85
6/9/2024,4.12,24.21,58.94,3.15,281.9
6/10/2024,3.35,29.33,93.27,3.86,281.87
6/11/2024,8.74,28.04,78.97,7.85,281.91
6/12/2024,9.52,24.84,84.15,4.47,282.17
6/13/2024,6.18,22.97,67.61,4.67,282.24
6/14/2024,3.15,19.15,70.73,5.46,282.13
6/15/2024,11.48,28.4,64.48,7.9,282.31
6/16/2024,15.64,20.74,58.88,3.45,282.92
6/17/2024,13,27.38,62.16,6.09,283.26
6/18/2024,29.92,25.95,86.9,6.3,284.44
6/19/2024,7.21,29.72,82.1,5.64,284.52
6/20/2024,20.73,25.79,76.88,2.53,285.43
6/21/2024,4.82,25.68,74,6.06,285.37
6/22/2024,4.17,29.93,91.9,2.38,285.46
6/23/2024,9.15,28.34,57.91,5.58,285.64
6/24/2024,23.84,28.26,66.22,6.44,286.51
6/25/2024,6.59,28.88,69,3.27,286.67
6/26/2024,1.77,20.86,86.3,7.05,286.41
6/27/2024,15.43,30.03,94.7,2.18,287.07
6/28/2024,7.84,29.45,64.63,7.06,287.11
6/29/2024,10.41,22.93,89.97,4.76,287.39
6/30/2024,4.36,26.02,88.22,3.31,287.45
7/1/2024,9.09,26.84,63.99,2.8,287.76
7/2/2024,2.07,26.46,70.97,7.72,287.48
7/3/2024,27.22,28.34,71.39,2.44,288.72
7/4/2024,17.43,32.73,94.13,3.19,289.43
7/5/2024,8.78,31.33,62.24,4.09,289.66
7/6/2024,15.14,21.75,86.97,5.72,290.13
7/7/2024,4.83,29.49,68.37,5.27,290.11
7/8/2024,16.91,32.32,84.23,2.75,290.82
7/9/2024,6.35,28.55,71.8,3.74,290.95
7/10/2024,5.99,31.36,78.13,3.43,291.08
7/11/2024,3.56,35.05,88.3,3.28,291.09
7/12/2024,11.38,31.09,87.17,4.47,291.44
7/13/2024,8.49,28,89.66,6.22,291.55
7/14/2024,21.18,31.18,57.38,3.3,292.45
7/15/2024,3.18,27.58,82.68,4.2,292.39
7/16/2024,11.42,27.1,60.6,4.35,292.75
7/17/2024,18.59,25.59,71.63,7.86,293.28
7/18/2024,9.65,33.25,76.94,7.73,293.38
7/19/2024,6.26,23.73,71.11,6.8,293.35
7/20/2024,9.47,33.13,75.78,3.45,293.65
7/21/2024,20.06,29,94.86,2.41,294.54
7/22/2024,20.05,21.4,60.41,3.9,295.34
7/23/2024,7.59,28.47,82.02,3.6,295.54
7/24/2024,19.82,18.6,70.84,5.04,296.28
7/25/2024,8.19,29.5,60.32,6.67,296.36
7/26/2024,15.02,30.54,61.35,7.15,296.75
7/27/2024,12.38,24.63,92.97,7.07,297.02
7/28/2024,6.05,27.49,90.18,4.16,297.11
7/29/2024,3.68,34.82,91.28,6.12,296.99
7/30/2024,18.92,24.98,94.66,3.88,297.74
7/31/2024,22.52,22.76,63.33,2.37,298.75
8/1/2024,11.22,32.93,69.22,6.21,299
8/2/2024,8.18,34.85,81.77,2.06,299.31
8/3/2024,2.8,27.01,74.35,4.46,299.22
8/4/2024,18.59,31.05,71.74,3.98,299.95
8/5/2024,10.3,32.37,69.31,6.16,300.16
8/6/2024,6.77,24.03,78.75,6.6,300.17
8/7/2024,15.32,25.06,78.02,3.82,300.74
8/8/2024,2.31,31.92,61.46,6.87,300.52
8/9/2024,3.4,33.74,73.87,3.76,300.5
8/10/2024,4.68,29.25,77.14,4.68,300.5
8/11/2024,12.11,23.48,77.81,6.36,300.79
8/12/2024,9.55,34.95,63.4,6.16,300.96
8/13/2024,13.14,24.88,84.69,7.92,301.22
8/14/2024,17.74,25.66,56.01,3.35,301.94
8/15/2024,13.47,28.37,69.19,5.97,302.31
8/16/2024,27.6,33.22,86.21,5.66,303.41
8/17/2024,17.72,30.42,77.56,7.49,303.92
8/18/2024,7.58,28.66,65.45,2.94,304.15
8/19/2024,5.33,28.85,82.8,6.51,304.09
8/20/2024,7.76,27.17,77.7,5.41,304.21
8/21/2024,13.8,29.23,86.85,3.65,304.72
8/22/2024,5.83,16.88,84.4,4.85,304.77
8/23/2024,14.07,25.81,79.4,4,305.27
8/24/2024,12.97,27.97,74.53,5.48,305.64
8/25/2024,3.64,22.4,60.33,7.33,305.46
8/26/2024,17.49,28.55,65.45,5.42,306.06
8/27/2024,10.94,26.18,71.76,5.79,306.32
8/28/2024,26.72,34.02,78.97,5.11,307.4
8/29/2024,8.21,33.29,75.55,2.31,307.7
8/30/2024,6.53,25.14,66.53,3.4,307.85
8/31/2024,3.21,26.4,55.26,4.95,307.77
9/1/2024,3.17,26.7,74.85,3.86,307.73
9/2/2024,16.1,25.19,66.43,3.09,308.38
9/3/2024,24.97,27.78,84.38,5.02,309.38
9/4/2024,7.68,23.97,55.96,3.94,309.57
9/5/2024,7.29,22.48,78.39,3.55,309.75
9/6/2024,8.79,29.49,92.66,4.78,309.95
9/7/2024,18.31,29.52,61.98,2.8,310.73
9/8/2024,3.67,23.78,73.87,7.57,310.53
9/9/2024,9.97,30.58,58.66,7.21,310.67
9/10/2024,16.35,24.47,80.03,6.25,311.18
9/11/2024,12,28.01,77.02,2.64,311.65
9/12/2024,0.23,30.28,71.29,6.66,311.32
9/13/2024,13.52,26.87,75.86,6.85,311.66
9/14/2024,12.09,28.82,90.86,6.61,311.93
9/15/2024,20.72,24.93,62.85,2.68,312.83
9/16/2024,23.67,26.21,55.9,5.86,313.72
9/17/2024,20.03,26.18,89.47,7.01,314.37
9/18/2024,8.83,24.01,78.08,5.46,314.54
9/19/2024,1.68,26.29,90.63,5.88,314.33
9/20/2024,7.25,20.81,78.88,4.75,314.46
9/21/2024,8.62,25.04,87.41,5.17,314.63
9/22/2024,24.76,25.86,72.19,2.21,315.76
9/23/2024,4.4,25.98,84.99,5.83,315.69
9/24/2024,2.39,26.03,91.52,2.49,315.68
9/25/2024,5.86,26.75,77.88,4.61,315.74
9/26/2024,4.62,28.92,62.23,3.76,315.79
